{"train": {"F1": 60.63734429573765, "precision": 60.06000489835905, "recall": 61.22589101803882, "accuracy": 0.9159212880143113}, "valid": {"F1": 58.66989117291415, "precision": 56.97510568341944, "recall": 60.468594217347956, "accuracy": 0.8155487804878049}, "test": {"F1": 54.4793560114256, "precision": 53.22171486555048, "recall": 55.797872340425535, "accuracy": 0.8327702702702703}}